{"Reviews": [{"Title": "Ultraportable that's better than a netbook", "Author": "J. Krause", "ReviewID": "R1ASVCYKOZHANQ", "Overall": "5.0", "Content": "At 8.5 by 11 inches, fits in my wife's purse.Great keyboard, good screen, more powerful than a netbook, saves on power as a desktop replacement.Is currently running PlayOn and Tonido, acting as a server.", "Date": "February 26, 2012"}, {"Title": "Not as posted", "Author": "Amazon Customer", "ReviewID": "R799526VXH3SH", "Overall": "3.0", "Content": "The seller was probably doing me a favor when he loaded this with Win7Pro instead of shipping it with WinXP.  Too bad...the reason for my purchase was WinXP needed for old software. <sigh>Sellers should be more careful.  I do wonder why anyone would buy an old machine for another reason?  What could it be?", "Date": "December 15, 2013"}, {"Title": "toppa da line", "Author": "Lannes", "ReviewID": "R335PXDCCQW2JM", "Overall": "4.0", "Content": "ibm thinkpad x6 12.1\" 4:3, black w/blue enter button. works perfect, thank u seller.comes w. wxp & FULL ms-office. bought as backup for my x61 [extra = finger reader].x61 screen has some short, display sometimes not coming on.con=ibm/lenovo heavier than other brands,pro= heaviness shows quality of it all.", "Date": "July 29, 2013"}], "ProductInfo": {"Price": "Unavailable", "Features": "Duo Core 1.83GHz CPU\nWindows XP Pro\nIt includes 512MB RAM\n60GB Hard Disk\nIt includes WiFi", "Name": "IBM ThinkPad X60 X-Series Laptop Computer WITH DOCKING STATION & Windows XP (Microsoft Authorized Refurbished) w/ backup disc and COA.", "ImgURL": "http://ecx.images-amazon.com/images/I/31iBIEPZBrL._SX300_.jpg", "ProductID": "B000FIASSG"}}