{"Reviews": [{"Title": "The best thinkpad ever owned!", "Author": "C. Nelson", "ReviewID": "R2PD8CDG8WXGUW", "Overall": "5.0", "Content": "I love this laptop. With 4gb of memory it runs faster than my new HP. My games run perfectly and I have never had any problems with it.", "Date": "October 14, 2012"}, {"Title": "cheap works DOES NOT OVERHEAT", "Author": "sojourner", "ReviewID": "R339GHR26CDY84", "Overall": "5.0", "Content": "Will never buy HP, OR AMD, ever again.sad owner of tx2z just stopped working there is a faulty sodder connection between the CPU and MB HP knows of the issue but has failed their customers for not doing a recall this is my replacement.", "Date": "December 13, 2012"}, {"Title": "DO NOT BUY. 10 times normal price.", "Author": "bschmidy10", "ReviewID": "R5PTVFYMJ4R7I", "Overall": "1.0", "Content": "DO NOT BUY THIS!!!this is a great laptop, although rather old and with bad specs, but this is barely worth 300$ on todays market. this is a total ripoff and makes me think twice about ever buying from this vendor again.no i did not buy this computer from price pros, however i do own it. DO NOT PAY THIS MUCH!!!", "Date": "July 21, 2012"}], "ProductInfo": {"Price": null, "Features": null, "Name": null, "ImgURL": null, "ProductID": "B000PYESQ8"}}