{"Reviews": [{"Title": "USAnotebook and the Dell Latitude CP", "Author": "lindab \"Daily Walker\"", "ReviewID": "R1199N52SXQKWW", "Overall": "5.0", "Content": "I purchased this refurbished notebook computer from [another store] just last week. In a matter of days, the package arrived at my door. The product has many extras I didn't expect: a PC modem in a double PC slot, a handsome Dell carrying case, a Dell manual installed on the computer, and others. ... It turned out to be a great buy for the money for me.", "Date": "February 5, 2002"}], "ProductInfo": {"Price": "Unavailable", "Features": "Dell Latitude CP M233XT Notebook\nFeatures 233-MHz Pentium MMX, 64 MB RAM, 4.1 GB hard drive", "Name": "Dell Latitude CP M233XT Notebook (233-MHz Pentium MMX, 64 MB RAM, 4.1 GB hard drive)", "ImgURL": "http://ecx.images-amazon.com/images/I/218Q5AXS8FL.jpg", "ProductID": "B00005UPHF"}}