{"Reviews": [{"Title": "superp impressed", "Author": "avin", "ReviewID": "RAONQFZXOJP35", "Overall": "5.0", "Content": "1000 words just isn't enough to express my love for this baby.In point form then :: floppy's out cd-rw is in.: Every software that's reloaded rocks .: every reloaded software is of professional level.: Os x beats all the other Windows (xp, me,2000 pro, 98,95): Os x is the most stable one that i have use compared to Windows (xp, me,2000 pro, 98,95 ) trust me i have used all of Windows (xp, me,2000 pro, 98,95 ) and none compared to Os x: Os x is the most fun-to-use os: Os x is the most beautiful os i have seen: As for the speed of the processor 600Mhz is equivalent to that of pentium 3 1 ghz or some where there: a 15 gb hdd is enough .: iBook is the most beautiful laptop i have seenhey man it's award winning what else do you ask for.It's a bit too expensive if it's on the shelf when it's on your lap you'll know it's worth it. it's worth every penny.it's a pc squeezed into a a 1.5\" magnesium casing. the whole iBook is made with ruggedness in mind.", "Date": "January 17, 2002"}, {"Title": "So Happy, bought 2!", "Author": "Dianna Lucia Ralston", "ReviewID": "RSTJEYI1AEO0W", "Overall": "5.0", "Content": "I own the new 14.1\" 2002 iBook, and these computers are awesome.  OS X aquaface is absolutely stunning, and all the new products for OS X such as Microsoft X, Acrobat 5, are 10 X better to look at than their predacesors of OS 9.  I can't wait for Photoshop in OS X!  The speed with the preinstalled 256MB Ram is a little too slow for my taste, but after installing a 512MB/PC-133 dimm to bump me up to 640MB, I am cruzing at lightening speeds. Even Mac haters have admitted to me being enchanted by the outer and inner appearance of the glamorous icebook.  Oh, the second one purchased is my husbands (a die hard Windows user)! Ha!", "Date": "February 10, 2002"}, {"Title": "Shockingly fabulous...", "Author": "E. Meadows \"liz\"", "ReviewID": "RI1HRABZC3U54", "Overall": "5.0", "Content": "An exceptional product and an excellent deal. I recommend getting some extra RAM anywhere online, very easy to install yourself. Fabulous graphics, the screen is perfection, great sound, wonderful word processing, iTunes, iMovie, the greatest two operating systems, 9.2 and X. It's beautiful and useful to anyone. Perfect in every way. And weighs less than five pounds. Surpasses all of its price and tech counterparts.", "Date": "November 2, 2001"}, {"Title": "iBook", "Author": null, "ReviewID": "R1QMPDGJHHRM6", "Overall": "4.0", "Content": "My iBook is everything I expected it to be. It's not the fastest portable Mac, nor does it have the biggest screen. But it is inexpensive and eminently portable. the battery life is typically in the 3+ hour range (Under OS 9--OS X's power management needs work.) The keyboard and trackpad are comfortable, and it is very small and light. I use mine on a college campus, and people balancing huge Dell \"laptops\" are always gawking at this lean notebook. My only complaint is that the latch broke--it's under warranty, and it doesn't impede function, but it's irritating.", "Date": "December 23, 2001"}, {"Title": "Brilliant, a shining star", "Author": null, "ReviewID": "RBGK8BOWPSCMH", "Overall": "5.0", "Content": "Ever since I got my IBook my life has changed for the betterwith it's combo drive and airport wireless networking it goeswhere ever I go.It goes to work with me and does the work for me It playsmusic over PA systems for sports gamesmanages web sites, edits movies, makes Video CD'sdoes photoshop,the list goes on. It goes home and entertains me with DVD's and VCD's and the latest games anywhere and I can even surf the net Broadband without any wires.It has to be the perfect laptop for the price and it's so light too.I love it.", "Date": "September 7, 2001"}, {"Title": "A Developer's Dream", "Author": "Brian Doyle", "ReviewID": "R1WRA8SJG8W50X", "Overall": "5.0", "Content": "This is simply the best computer I've owned.  I've owned PC's and Macs.  No doubt, Macs are by far superior.  I wish I could afford another [$$$] for a G4 powerbook, but since I can't, I got this one.  I can't believe the power, versatility, and the attention from others.  As someone who writes software, and attends school full time as a law student, this computer does it all.  My only complaint, hard-drive is small, so I bought an external firewire drive to store non-essential data.  Dang, firewire is fast.  Also, I have an iPod.  It is of no \"Practical\" use, but try and take it from me and ....well.... the won't let me say it here.  Let's just say, I love it.BUY and APPLE, if you can afford a G4 powerbook, get one.  If not, trust another developer the G3 is still kick - a**.", "Date": "April 18, 2002"}, {"Title": "good!", "Author": "hillary", "ReviewID": "R1KZZTORRRNUN9", "Overall": "5.0", "Content": "i like this product because it was a great price and it works very well. this product also arrived a lot sooner than i thought it would.", "Date": "December 15, 2012"}, {"Title": "Gift", "Author": "wgromling", "ReviewID": "R1A6EERGTJ98ZB", "Overall": "5.0", "Content": "Very pleased with this purchase. It was a gift for my boyfriend and it works beautifully. I would definitely recommend this to anyone looking for a dependable computer at a cheap price.", "Date": "July 8, 2013"}, {"Title": "Revision of previous Apple I-Book Laptop review", "Author": "Annette Stamus", "ReviewID": "R2PT79HOVXKNK3", "Overall": "5.0", "Content": "Originally the Apple iBook Laptop that I received was not the requested 600-MHz PowerPC G3, 128 MB RAM, 20 GB hard drive. When the seller was made aware of this, they immediately sent me not just the originally requested laptop, but an upgraded 800mhz/256mb RAM/30gb HDD model, as well as a partial refund!Thanks to exceptional service by this seller, I now have an excellent computer.", "Date": "September 27, 2010"}, {"Title": "A KIND OFFER", "Author": "Mitos \"Mckie\"", "ReviewID": "R2W23A2KB712SW", "Overall": "3.0", "Content": "I just feel the Apple is OK. I have not used it. I got it all wrong that it has a DVD drive, but no it is s CD Drive. The specs did not show clearly that it has no DVD drive. I hope I can learn more about apple using this.", "Date": "April 21, 2010"}, {"Title": "Basic 500 MHz iBook", "Author": "R. G. Michel \"rgmichel\"", "ReviewID": "R1S40LH7VR7LZA", "Overall": "5.0", "Content": "I bought the one with a 20 GB hard drive, and I have since put an extra 256 MB memory in it. This machine is wonderful because it is so light, and yet it is powerful enough to run OS X, and just about any software you want to throw at it. It is dynamite on airport networks. I move mine between home and work i.e. between two airport networks, and that is really easy and convenient. The screen is just the right size for a portable, and really easy to read, and clear as crystal. If you want speed, go for the higher CPU speeds and the higher bus speed, but I have been very happy with the 66 MHz bus and 500 MHz processor. It is fine for everyday work. If you really want to move fast, use your desktop. I use a dual processor G4 with two screens when I really need to move fast during the day. However, my ibook is always on, in use for my calendar and for backups, resting by the side of my desktop screens. I would not be without it. At home it is my main machine, where I do all my work stuff. What amazes me is how many applications I can keep open and in use for hours under OS X. No crashes, lots of flexibililty to keep many things going at once. Absolute magic! The really neat thing is when you meet a PC maven, or even a G4 Powerbook, the other machines are so BIG! This ibook is wonderful on the road. I have carried my ibook around in a ordinary bag, not a padded computer bag, for a week at at time, bumping about, with no ill effects, either on the computer or on my shoulder!I add this comment over a year later.  I stand by what I said above, except that the hinge on the screen is giving me trouble now.  The computer needs to warm up for a while before I can put the screen in its fully opened position. Eventually, I am going to have it fixed.", "Date": "November 25, 2001"}, {"Title": "poor", "Author": "mary may", "ReviewID": "RY9V1118JJGZ8", "Overall": "1.0", "Content": "Computer has never worked. Screen is black only. Price was cheap so I guess you get what you pay for!", "Date": "December 17, 2013"}, {"Title": "HOW TO OPERATE THIS LAPTOP.", "Author": "NEE NEE", "ReviewID": "R3F4SDPWJX7Y8D", "Overall": "1.0", "Content": "NEED A OPERATING MAUNAL ON HOW TO OPERATE THIS PRODUCT. NO CLUE WHAT SO EVER.  NO CLUE AT ALL ON HOW TO OPERATE IT.", "Date": "November 19, 2013"}, {"Title": "My Favorite Computer!", "Author": "\"loki_shoki\"", "ReviewID": "R2QM507XUNB7CW", "Overall": "5.0", "Content": "This is my first laptop, although mine specificly has the dvd/cdrw combo and the 20 gig drive. I bought it to replace my then 6yo 9500, which died of burned out motherboard. The iBook was supposed to be a temporary fix, until a G5 desktop came out. Now that I have used this model for almost 9 months I think my next Mac will be an iBook. I do graphics, and the 12\" screen is not hard to deal with. The extra cable, from Apple, lets me hook up to a TV, stereo, or projector. The included monitor adapter lets me hook up to a monitor for a dual screen. I hope the next iBook I get will let me have an additional screen, instead of mirroring. The only things I would want for my next model would be the Superdrive, to burn CDs & DVDs, a longer life battery, and a G5 cpu (ha!). Right now, in OS X, I can get about 3 hours of battery, unless I play a game. Illustrator, GoLive, & LiveMotion all work fine in X. Hopefully I will find out how Photoshop 7 works on Monday! I have used several desktop models, including a G4 at work, and the quaint, quiet iBook has out-charmed them all. One other thing: at home I use a full size keyboard & mouse, and external speakers. HTH!", "Date": "March 29, 2002"}, {"Title": "Great Computer", "Author": null, "ReviewID": "R19FQQMSLREWU2", "Overall": "5.0", "Content": "Until I got the Apple iBook, I had been a diehard Windows user. But finally, I'd had enough of the Windows anti-trust and not to mention the problems with the actual Windows OS. So finally, I decided that I'd get a Mac. The perfect choice for me was the Apple iBook. Since I got it, I've discovered that my choice was a good one. The only problem I've had is that AOL seems to crash a bit. Otherwise, the Apple iBook is basically the greatest computer I've ever used. I realize I haven't put a lot of info on the iBook in, but trust me, the iBook is quite simply the greatest choice for a laptop computer. Actually, for a computer period.", "Date": "March 21, 2002"}, {"Title": "Apple iBook Laptop", "Author": "Amazon Customer", "ReviewID": "R1YQ62S8LCA7JY", "Overall": "4.0", "Content": "This laptop held up great during shipping. No damage at all.  I received it quickly as well. It's been holding up great so far.  It's perfect for what I use it for.", "Date": "July 30, 2010"}, {"Title": "The perfect compromise", "Author": "Steven Dennis", "ReviewID": "R353A8IFETO8ZX", "Overall": "5.0", "Content": "You can't have everything. At least, not at 1,199 bucks.The bottom-of-the-line iBook is exactly what it should be: Extremely portable and extremely friendly. Extremely fast? Not.This is a compromise machine -- the screen is small and the processor is the slowest available on a Mac. At 12.1 inches, the screen is among the smallest you will find on a laptop nowadays, but it is super-sharp. And the fairly pokey processor is still more than adequate for word processing and iTunes and some basic graphics applications, and for surfing the web. Also, 128 MB of RAM is downright puny in today's computing world. You'll definitely want to upgrade to at least 256 MB.Now, for the good part. By making those compromises, the iBook is not only cheap, it is light -- under 5 pounds. Check out a similarly equipped laptop from your weekly Bestbuy ad, and you will see behemoths weighing in at 6, 7, 8 or even 9 pounds! And you will rarely find one this thin, and never one this cool.Battery power on the iBook also far outshines its PC competition, helped in part by that small screen and slow processor.This is basically the perfect machine for someone on the go -- including reporters like me -- or for a K-12 student.If these compromises are simply too much for you, Apple has an alternative for you -- the no-compromises, 5.4 pound, 1-inch thick, super-fast Titanium Powerbook G4. It's your choice.You get what you pay for.", "Date": "March 30, 2002"}, {"Title": "Best light notebook", "Author": null, "ReviewID": "R1RUEE2IFR805X", "Overall": "5.0", "Content": "I think this is the best light notebook money can buy. It's affordable, fast, light, feature-packed, and great looking. I love being able to burn CDs wherever I am.", "Date": "February 23, 2002"}, {"Title": "Best portable computer on the market", "Author": "D. Edwards", "ReviewID": "R1CPL5Y3DXVHJL", "Overall": "5.0", "Content": "This new iBook is the best portable computer on the market.  Its capabilities are outstanding, the build quality is exceptional, the design is stunningly clean and efficient.  This is a do anything, be anything computer that you can proudly use in just about any setting, for almost any computing task you can imagine.  Sure, a new titanium G4 is faster, but it is so delicate looking I would be afraid of breaking it in daily use.  Also, the iBook is roughly half the price.  Even PC users are enamored with the iBook's style and capabilities.  You will not regret a decision to buy this computer.", "Date": "September 18, 2001"}, {"Title": "Don't buy an iBook this slow", "Author": null, "ReviewID": "R1KHZTJP6QIAPQ", "Overall": "1.0", "Content": "If you want to buy an iBook, buy a faster one.  This one just can't run any modern software.  Heck, it isn't much good for old software.  Go for the 700MHZ G3 or don't bother!  If you need to run any graphics software then buy a G4.  My G3 can't hack Adobe anything!  If I could go back I would buy a G4 based Powerbook (I use one at work).", "Date": "August 7, 2002"}, {"Title": "APPLE IBOOK", "Author": "KEEGAN2710", "ReviewID": "R1K7QRKW5XV3FW", "Overall": "1.0", "Content": "NOT SATISFIED WITHNTHIS PRODUCT AT ALL. CAN NOT ACCESS THE INTERNET NO MATTER WHAT I TRY AND HAVE NOT BEEN ABLE TO GET ANY HELP FROM THE SELLER NOR A REFUND FOR THE PRODUCT", "Date": "February 28, 2011"}, {"Title": "No, comment", "Author": "edmund neal", "ReviewID": "R2R5RGLCNVOZFD", "Overall": "1.0", "Content": "still no comment  not happy. I don't want to say anything bad. So I was just saying and no, comment .", "Date": "December 25, 2013"}, {"Title": "Fraudulent Seller", "Author": "Belinda Caraballo \"Beli\"", "ReviewID": "R3C5PQWUHVRULJ", "Overall": "1.0", "Content": "I purchased this item advertised as Used which is fine with me as I'm on a budget. The price is deal breaker. Beware though I just got it whole shipping was reasonable time the product Piece of junk. In comments Now the want to tell me it's only for parts doesn't even work plus no charger. So here I have this useless old laptop and negativa pockets Merry Christmas to me. Do not buy ANYTHING.... I only took the time to post this to prevent someone else's LoSS.", "Date": "December 20, 2013"}, {"Title": "Review", "Author": "moni91", "ReviewID": "R4MXOR6W0H3VC", "Overall": "1.0", "Content": "I really do not like the product that I got. It is not willing to connect to the internet, i've tried numerous ways. The screen does not want to turn on unless its in a certain position which makes it impossible to type and read at the same time. I am really disappointed in this product.", "Date": "February 13, 2011"}, {"Title": "Stellar !!", "Author": "\"sursumcorda16\"", "ReviewID": "R31CXSJ2XQ8M6I", "Overall": "5.0", "Content": "I am one of those switchers (apple.com/switch). I worked on mac 5 years ago, loved it but couldn't afford one. So I have spent the last 5 years in the PC family. Just bought the iBook. It's absolute perfection. No problem to switch files, so easy to use. I now have an ipod, a digital camera. I completely (re)adopted Mac's digital life.Have no fear to get rid of your PC and ride a Mac. You will notice the difference.", "Date": "July 29, 2002"}, {"Title": "Disappointed", "Author": "earthangel2080", "ReviewID": "ROLETUTVOA02M", "Overall": "1.0", "Content": "I am EXTREMELY disappointed and feel cheated. The computer turned on for all of 10 minutes and I have not been able to turn it on since then! What a waste of my hard earned limited income! I will NEVER buy another used electronic item. I feel like I just gave my money away!", "Date": "February 16, 2011"}, {"Title": "Apple ibook laptop", "Author": "Tammy", "ReviewID": "RIPGZW4IT9OT2", "Overall": "1.0", "Content": "I absolutely hate this product. I'm a single parent and bought this as a Christmas gift for my 2 sons. I never thought that a laptop in this day would not have a wireless card. They were so excited to finally have their first computer. Needless to say, they haven't touched it since the day after Christmas. It was a complete waste of my money and I can't afford to replace it! I would never recommend this product to anyone.", "Date": "January 14, 2011"}, {"Title": "Love it!", "Author": null, "ReviewID": "R2PVWYS3KJTHSM", "Overall": "5.0", "Content": "My first Mac after using PCs for years.  I see the light now.", "Date": "November 7, 2001"}, {"Title": "Great", "Author": null, "ReviewID": "RAZXK8MKNN669", "Overall": "5.0", "Content": "This is a really great product. It can do anything that I could possibly need. I had some trouble with OS X though, so I had to remove it and just use OS 9.", "Date": "September 18, 2001"}, {"Title": "Too slow", "Author": null, "ReviewID": "REIENEXZ05N96", "Overall": "1.0", "Content": "If you want to buy an iBook, buy a faster one.  This one just can't run any modern software.  Heck, it isn't much good for old software.  Go for the 700MHZ G3 or don't bother!  If you need to run any graphics software then buy a G4.  My G3 can't hack Adobe anything!  If I could go back I would buy a G4 based Powerbook (I use one at work).", "Date": "August 7, 2002"}], "ProductInfo": {"Price": null, "Features": null, "Name": null, "ImgURL": null, "ProductID": "B00005NBIS"}}