{"Reviews": [{"Title": "5 Stars IF you get SXGA display PLEASE READ", "Author": "Merrilee", "ReviewID": "R2LX75RHSTSXVP", "Overall": "5.0", "Content": "in brief..this is a great tablet computer...I owned an xga display model and didn't like the fact that I could 'see' pixels while using some applications..VERY annoying!! I was fortunate enough to finally find an sxga+=1400x1050 model...AWESOME display!!Just keep looking, you'll find one ;-) If art is not your forte..then the standard XGA display is just fine!!", "Date": "February 8, 2013"}, {"Title": "Best tablet pc ever!", "Author": "Toshiba lover", "ReviewID": "R3BX5B5EINXMGK", "Overall": "5.0", "Content": "Great laptop, Tablet, do what you want it to do, it's powerful compact, and the touch screen feature is amazing! Best tablet pc ever", "Date": "May 4, 2012"}], "ProductInfo": {"Price": null, "Features": null, "Name": null, "ImgURL": null, "ProductID": "B000KESJE0"}}