{"Reviews": [{"Title": "be careful", "Author": "Heaven", "ReviewID": "R36W32AX7FUAS6", "Overall": "1.0", "Content": "I got my laptop and have had problems from day one, when you ask for help you get a very rude response with no help, I have had to pay someone to repair my laptop. They person who responses to your help email only blames you for the problem. Which I had my computer checked out by a repair guy only to find the mother board is bad in the computer. I would not recommend anybody buy this computer. Oh and if you do don't forget you only have 30 days to make sure it works properly.", "Date": "August 24, 2009"}, {"Title": "Del 610", "Author": "james \"Small business owner since 1980.  Chil...", "ReviewID": "R1RHIXVPGJ8PVS", "Overall": "5.0", "Content": "Exactly what you need in way of a basic laptop.  We have bought several of these 610's over the years for my repair shop.  They are tough and can take harsh work area and keep working.  Good product.", "Date": "March 18, 2013"}, {"Title": "dell latitude d610", "Author": "jackiesangels", "ReviewID": "R1KJFE3EEUQHLX", "Overall": "4.0", "Content": "so far it is doing well, no trouble out of it. its work like a new one.this is my very first labtop.", "Date": "April 10, 2012"}, {"Title": "As advertised", "Author": "TIDA1", "ReviewID": "R3TU8FJEU3QLDN", "Overall": "5.0", "Content": "Was very pleased get a very capable laptop for under 300 bucks. I needed a 2nd computer for my home based business, so even though it came with windows business vista(preferred xp) the overall physical condition and performance is top notch. Item arrived quickly(1wk) and well packaged from shipper", "Date": "March 25, 2011"}, {"Title": "not thAt great", "Author": "Daniel T. Bolger \"Dan\"", "ReviewID": "R3763OJRMQJHMF", "Overall": "2.0", "Content": "few day after get it the charger diedthe replace in about 2weeksnow get error message  can't read the charger  got hit f2 key all the time yp gett it workingI did get a  dell cd with it or owner bookwhen u get to boot the screen bkinks  then come one", "Date": "July 5, 2009"}, {"Title": "Revision de la Laptops", "Author": "Argeli Gamardo", "ReviewID": "RRY34W914XZRI", "Overall": "4.0", "Content": "[ASIN:B0015D8OPO Dell Latitude D610 1730MHz 1024MB 40GB CDRW/DVD 14.1\" Notebook (1.73GHz Pentium M 740 1GB RAM 40GB HDD DVD/CD-RW Combo XP Pro)]]", "Date": "July 9, 2009"}], "ProductInfo": {"Price": "Unavailable", "Features": "Intel Pentium M 1.73GHz\n1GB of RAM Installed\n30GB Hard Drive\nCDRW/DVD Drive Installed\nWindows XP Professional Installed with COA on Case", "Name": "Dell Latitude D610 1730MHz 1024MB 40GB CDRW/DVD 14.1\" Notebook (1.73GHz Pentium M 740 1GB RAM 40GB HDD DVD/CD-RW Combo XP Pro)", "ImgURL": "http://ecx.images-amazon.com/images/I/41AHK%2Bzes5L._SY300_.jpg", "ProductID": "B0015D8OPO"}}