{"Reviews": [], "ProductInfo": {"Price": "Unavailable", "Features": "Intel Core 2 Duo T5250 (2x1.5GHz, 667Mhz, 2M L2 Cache), 2GB DDR2 SDRAM (667MHz, Expandable to 4GB), 160G 5400RPM SATA Hard Drive\n8X DVD+/-RW Dual Layer Drive, Glossy high contrast widescreen 14.1 inch display (1280x800)\nIntegrated 2.0 mega pixel web cam, Lithium ion Battery 2.5-hour, Integrated 10/100 Network Cardand Modem\nMicrosoft Windows Vista Home Premium Edition, Intel Integrated Graphics Media Accelerator 3100\nPorts: USB 2.0 (4), Integrated 10/100 (RJ45) & and 56K Modem (RJ11), IEEE1394a, 8-in-1 Memory Card Reader, VGA video output & S-Video, Stereo in, headphone/speaker out & Dual digital mics", "Name": "Dell Inspiron 1420 14.1\" Notebook PC (Black). Intel Core 2 Duo T5250, 2GB DDR2 SDRAM, 160G SATA HDD, 8X DVD+/-RW, 2.0M Webcam, Widescreen 14.1 inch display, Windows Vista Home Premium", "ImgURL": "http://ecx.images-amazon.com/images/I/41RyjXa%2BusL._SX300_.jpg", "ProductID": "B001M1V5OQ"}}