{"Reviews": [{"Title": "Great speed, battery life could be better", "Author": "Miss Graves", "ReviewID": "R2433YW0AK0RT", "Overall": "4.0", "Content": "The 4gb RAM has been perfect, the wi-fi picks up signals from further away than I expected.  It's been great to use.  The only downside to the one I got is the battery doesn't hold a charge for long (An hour and fifteen, tops), and the charger must have been used a little roughly by the previous owner.  I've needed to push the charger and wire to get it to turn on.  Other than those, with the right little additions, this has been my favorite laptop", "Date": "March 16, 2013"}, {"Title": "Excellent computer!!!", "Author": "Audrey Greenwell", "ReviewID": "R2NFGA1XSU9O1B", "Overall": "5.0", "Content": "The company actually gives you more than what you are paying for.  I couldn't be more pleased!!!It is everything I needed and more!!", "Date": "September 23, 2013"}, {"Title": "Great product", "Author": "Joseph H. Johnson III \"Joe Knasty\"", "ReviewID": "R2U2PP9C20AUOV", "Overall": "5.0", "Content": "Great computer, no issues at all. It would have been a nice idea to add the model number in the description.  That would have made it easier to evaluate which macbook I wanted.  No issues other than that, works great.  Thanks.", "Date": "May 24, 2013"}, {"Title": "my IMac notebook", "Author": "Donna J Booker", "ReviewID": "R75IPPEAQFC8Y", "Overall": "4.0", "Content": "I love my IMac notebook, I use it constantly. I can sit in my favorite chair & hold it on my lap & send messages to family & friends, do IM'S while I'am watching a program on the TV & we are discussing it on my notebook.  LOVE IT", "Date": "April 22, 2012"}], "ProductInfo": {"Price": "Unavailable", "Features": null, "Name": "Apple MacBook White - 2.1GHz Intel Core 2 Duo, 4GB DDR2, 120GB SATA HD, (DVD-ROM/CD-RW), Intel GMA X3100 graphics, Built-in iSight camera; mini-DVI output port with support for DVI, VGA, S-video, and composite video , 13.3\" (diagonal) glossy TFT, Built-in 10/100/1000BASE-T (Gigabit) Ethernet, AirPort Extreme Wi-Fi (based on IEEE 802.11n draft specification); built-in Bluetooth 2.0 + EDR (Enhanced Data Rate) module, Mac OS X v10.5 Leopard", "ImgURL": "http://ecx.images-amazon.com/images/I/51Ik%2B-r2sPL._SY300_.jpg", "ProductID": "B001BXQAQ8"}}