{"Reviews": [{"Title": "I love Dell Note bookes", "Author": "Gela Gelashvili \"ggela\"", "ReviewID": "RDMDTLPS8RS5V", "Overall": "5.0", "Content": "I used to have a lot of notebooks, more than 200, different brands.. everally I can say that Dell has great laptops, I like espessially inspiron series.. processors and cooling sistem are great.. touchpad and keybord are good..and price is not high..I recomend  everione to buy dell's laptops", "Date": "April 10, 2012"}], "ProductInfo": {"Price": "Unavailable", "Features": "Dell Inspiron E1505 15-Inch Laptop\n1.67 GHz T2300 Intel Core Duo Processor, 2GB RAM\n40GB Hard Drive, 8X DVD+/-RW Drive\n802.11b/g WiFi\nWindows XP Media Center", "Name": "Dell Inspiron E1505 15-Inch Laptop (1.67 GHz T2300 Intel Core Duo Processor, 2GB RAM, 60GB Hard Drive, 8X DVD+/-RW Drive, 802.11b/g WiFi, Windows XP Media Center)", "ImgURL": "http://ecx.images-amazon.com/images/I/41-PwnRmYDL._SX300_.jpg", "ProductID": "B002P3C8QY"}}