{"Reviews": [], "ProductInfo": {"Price": "Unavailable", "Features": "HP Pavilion dv3t customizable Notebook PC\nIntel(R) Core(TM)2 Duo Processor T6500 (2.1GHz, 2MB L2 Cache, 800MHz FSB)\nGenuine Windows Vista Home Premium with Service Pack 1 (64-bit)\n4GB DDR2 ,320GB 5400RPM SATA Hard Drive,LightScribe SuperMulti 8X DVD+/-RW with Double Layer Support,webcam\n512MB NVIDIA GeForce G 105M, 13.3\" diagonal WXGA High-Definition HP LED BrightView Widescreen Display", "Name": "Hp Dv3t Laptop Intel Core 2 Duo Processor T6500 (2.1ghz, 2mb L2 Cache, 800mhz Fsb) 4gb Ddr2 System Memory 320gb 5400rpm Sata Hard Drive 512mb Nvidia Geforce G 105m 13.3\" Diagonal Wxga High-definition Hp LED Brightview Widescreen Display (1280 X 800) Lightscribe Supermulti 8x Dvd+/-rw with Double Layer Support", "ImgURL": "http://ecx.images-amazon.com/images/I/318CTpQ0bnL.jpg", "ProductID": "B0027IA5PI"}}