{"Reviews": [], "ProductInfo": {"Price": "Unavailable", "Features": "Intel Core 2 Duo P7450 (3MB cache/2.13GHz/1066Mhz FSB) , 6GB DDR3 SDRAM\n500GB 7200RPM Sata Hard Drive, 8X DVD +/- RW w/dbl layer write capability\nEdge-to-Edge HD Widescreen 16.0 inch WLED LCD (1366x768) Laptop screen with 2.0 Megapixel Camera\nATI Mobility RADEON HD 3670 - 512MB, Obsidican Blak with Leather Accent, 6 Cell Primary Battery\nGenuine Windows 7 Home Premium - 64bit, Microsoft Works, Facial Recognition Software\nDual Digital Array Microphones, Intel\u00ae 5100 WLAN Wireless-N (1x2) Half Mini Card", "Name": "Dell Studio XPS 16 (1640) Windows 7 - Laptop with Facial recognition security software - Obsidian Black with Leather Accent, Intel Core 2 Duo P7450 (3MB cache/2.13GHz/1066Mhz FSB), 6GB DDR3 , 500GB Sata Hard Drive, 8X Slot Load CD/DVD Burner, Edge-to-Edge HD Widescreen 16.0 inch WLED LCD W/2.0 MP Webcam, ATI Mobility RADEON HD 3670 With 512MB, Wireless A/B/G/N Mini Card, Wireless Bluetooth", "ImgURL": "http://ecx.images-amazon.com/images/I/41l3%2Be1Cg4L._SY300_.jpg", "ProductID": "B002VKL5VK"}}