{"Reviews": [], "ProductInfo": {"Price": "Unavailable", "Features": "Intel Core 2 Duo T9550 (6MB cache/2.66GHz/1066Mhz FSB) , 6GB DDR3 SDRAM\n500GB Sata Hard Drive, 8X DVD +/- RW w/dbl layer write capability\nEdge-to-Edge HD Widescreen 16.0 inch WLED LCD (1366x768) Laptop screen with 2.0 Megapixel Camera, Dual Digital Array\nATI Mobility RADEON HD 3670 - 512MB, Obsidican Blak with Leather Accent, 6 Cell Primary Battery\nGenuine Windows Vista Ultimate Edition 64-bit, Microsoft Works 9.0, Facial Recognition Version 2.3 Software", "Name": "Dell Studio XPS 16 (1640) Business and Gaming Laptop with Facial recognition security software - Obsidian Black with Leather Accent, Intel\u00ae CoreTM 2 Duo T9550 (6MB cache/2.66GHz/1066Mhz FSB) , 6GB DDR3 , 500GB Sata Hard Drive, 8X DVD +/- RW w/dbl layer write capability, Edge-to-Edge HD Widescreen 16.0 inch WLED LCD (1366x768) W/2.0 MP Webcam, ATI Mobility RADEON HD 3670 With 512MB, Wireless A/B/G/N Mini Card, Wireless Bluetooth, Genuine Windows Vista Ultimate Edition 64-bit", "ImgURL": "http://ecx.images-amazon.com/images/I/41l3%2Be1Cg4L._SY300_.jpg", "ProductID": "B002AN00B4"}}