{"Reviews": [{"Title": "Once again awsome!", "Author": "bobby", "ReviewID": "R11YJ4FNZ7DWG1", "Overall": "5.0", "Content": "I ordered my laptop and once again it not only did it come on time but excellant service and finally i found someone i can trust..thanks guys i will be ordering more from only you guys..price is right and service thanks great too, cant beat it!!", "Date": "February 24, 2014"}, {"Title": "Dell 600m Laptop", "Author": "Sandy Lynn", "ReviewID": "R16B8XCGKWZ76W", "Overall": "5.0", "Content": "I bought this for around  50$ from  StriderinHell  and this computer works great.  Wifi  works and gos on the internet just fine, and it has XP  soo much better than windows 8 (what were they thinking when they took away the start button).", "Date": "July 29, 2013"}], "ProductInfo": {"Price": null, "Features": null, "Name": null, "ImgURL": null, "ProductID": "B002N80O3A"}}