{"Reviews": [{"Title": "very satisfied", "Author": "nancy \"nancy\"", "ReviewID": "R3CEAZNFWNSO75", "Overall": "4.0", "Content": "I'm happy with the product but i guess i expected a little more on it. I had to load a lot of software on myself. thought it would have more than the very basics.  the laptop itself was fine. works great was delivered quickly and in good condition. I would order from here again.", "Date": "December 22, 2013"}], "ProductInfo": {"Price": "Unavailable", "Features": null, "Name": "Dell Inspiron 1545 15.6-Inch Laptop (Cherry Red), 2.2GHz Intel Pentium Dual Core T4400 CPU; 4GB System Memory; 320GB Hard Drive; DVD/CD\u00b1R/RW Optical Drive; Windows 7 Home Premium Operating System (64-bit); 6-cell Battery; High Definition Audio 2.0; 10/100 Ethernet; Wireless 802.11 b/g Card", "ImgURL": "http://ecx.images-amazon.com/images/I/31q1f749wnL._SX300_.jpg", "ProductID": "B003LNDMT4"}}