{"Reviews": [{"Title": "Worked for about 35 days!!!", "Author": "Rose Amazon H", "ReviewID": "R3MZTJMML27S1M", "Overall": "1.0", "Content": "Worked for about 35 days!!!  No warranty, and I am still paying on a dead computer.  I do not recommend!!", "Date": "October 23, 2013"}], "ProductInfo": {"Price": "Unavailable", "Features": "Dell Inspiron M501R Phenom II X3 2.2 GHz 15.6-inch Notebook General Features:\nColor: Black / Microsoft Windows 7 Home Premium 64-bit pre-installed w/CoA\nAMD Phenom II X3 N850 2.2 GHz triple-core processor / 4 GB DDR3 SDRAM / 500 GB hard drive / DVD\u00b1RW Drive\nATI Mobility Radeon HD 4250 graphics / AMD High Definition Audio with built-in SRS Premium Sound speakers\nIntegrated 10/100 Ethernet LAN / Dell Wireless 1501 802.11g/n Mini-Card / Built-in 1.3 MP webcam / Glossy 15.6-inch Widescreen  LCD display (1366 x 768)", "Name": "Dell Inspiron M501R Phenom II X3 N850 2.2GHz Triple-Core Porcessor 4GB 500GB DVD\u00b1RW 15.6\" Windows 7 Home Premium with Webcam & 6-Cell (Black)", "ImgURL": "http://ecx.images-amazon.com/images/I/41EbggWJE6L._SX300_.jpg", "ProductID": "B0045QML7U"}}