{"Reviews": [], "ProductInfo": {"Price": "Unavailable", "Features": "Processor: Type: Intel\u00ae Core i3 - 370M Speed: 2.40GHz L3 Cache: 3MB\nMemory: Installed: 4GB (2GBx2) Maximum: 8GB Type/Speed: DDR3/1066MHz; Hard Drive Capacity: 500GB Speed: 5400rpm Type: Serial ATA\nOptical Drive: BD-R DL Read: 2.2x maxBD-R Read: 4x maxBD-RE DL Read: 2.2x maxBD-RE Read: 4x maxBD-ROM Read: 4x maxBlu-ray Disc Support: Read Only (BD-ROM)CD Support: Read / Write (CD/-R/-RW)DVD Support: Read / Write (DVD\u00b1R/\u00b1RW/\u00b1R DL/-RAM)\nDisplay: Screen Size: 14\" Resolution: 1366 x 768 Back Light Technology: LED\nOperating System: Genuine Microsoft\u00ae Windows\u00ae 7 Home Premium 64-bit", "Name": "Purple Sony 14\" Vaio VPCEA36FM/V Intel Core i3 Laptop 4GB Notebook 500GB Computer PC with BLU-RAY", "ImgURL": "http://ecx.images-amazon.com/images/I/413KMIRfIXL.jpg", "ProductID": "B0046R83L6"}}