{"Reviews": [], "ProductInfo": {"Price": "Unavailable", "Features": "AMD Turio II dual-core processor P520\n4GB DDR3 memory /250GB Serial ATA hard drive (5400 rpm) / Multiformat DVD\u00b1RW/CD-RW drive with double-layer support\n14\" TFT-LED HD widescreen display with TruBrite technology / ATI Mobility Radeon HD 4250 graphics\nBuilt-in webcam with microphone / 2 high-speed USB 2.0 ports / Built in LAN (802.11b/g/n)\nWeighs 5 lbs. and measures just 1.5\" thin /Helios Blue Fusion finish/ 6-cell lithium-ion battery", "Name": "Toshiba - Satellite L645D-S4033 Notebook PC / AMD Turion II Processor P520 / 14\" TFT-LED HD display / 4GB DDR3 Memory / 250GB HD / Multiformat DVD\u00b1RW/CD-RW drive / Built-in webcam / 802.11b/g WLAN / Windows 7 Home Premium 64-bit drive / Helios - Blue Fusion finish", "ImgURL": "http://ecx.images-amazon.com/images/I/412OuFX7W1L._SX300_.jpg", "ProductID": "B0042R04JO"}}