{"Reviews": [{"Title": "great value", "Author": "NYT", "ReviewID": "R3T1UO992RKEZ3", "Overall": "5.0", "Content": "For a laptop with a 500gb hard drive and 4 gigabytes of RAM and a fast processor(2.4ghz), I would recommend the DV6 to anyone who wants a stylish computer with great specs for the price", "Date": "October 8, 2010"}, {"Title": "Decent Computer", "Author": "ugadawg", "ReviewID": "R1V1MR3GZTHYGW", "Overall": "4.0", "Content": "I have had this computer for 18 months now (got it in December 2010). It has been a good computer up until now. Mine always has run hot (70+C) and has shut off from overheating probably once a month or so. This past week the chipset has started to die and will require me getting a new motherboard.All in all, it is a decent computer that will last for a while, but is prone to overheating and will only last 18-24 months before needed to be replaced.", "Date": "July 5, 2012"}, {"Title": "Poor Quality", "Author": "Yue Chen", "ReviewID": "R27Z1GQ43IONJ8", "Overall": "1.0", "Content": "I have this laptop for over a year now. It does a decent work and the performance is good for the price range. Unfortunately, it broke down recently and won't turn on anymore. It's one month out of warranty and HP wants a hefty repair cost for a burned motherboard. Can't justify to throw more money at a bad product.", "Date": "December 7, 2011"}], "ProductInfo": {"Price": "$439.00", "Features": "2.40GHz VISION Technology from AMD with AMD Turion II Dual-Core Mobile Processor P540\n4GB DDR3 System Memory (2 DIMM) Max 8GB\nATI Mobility Radeon HD 4250 Graphics, 128MB Display Cache Memory\n500GB (5400RPM), SuperMulti 8X DVD\u00b1R/RW with Double Layer Support\nHP TrueVision Webcam with integrated digital microphone, 1 HDMI, 1 eSATA + USB 2.0, \u20225-in-1 integrated Digital Media Reader for Secure Digital cards, MultiMedia cards, Memory Stick, Memory Stick Pro, or xD Picture cards", "Name": "HP 15.6\" Pavilion dv6-3122us Turion II Entertainment 4GB Laptop 500GB Notebook PC", "ImgURL": "http://ecx.images-amazon.com/images/I/41BrDwEjhFL._SX300_.jpg", "ProductID": "B0045GV36U"}}